trainer,buff_received,week
kaiser cauto,1.5740740740740742,5.0
jmils9,0.7291666666666666,4.75
notabot1234,0.4583333333333333,4.5
sonofringo,0.4444444444444444,5.0
thewillager,0.18518518518518517,5.0
