trainer,burn_damage_taken,week
joji27,-0.7708333333333334,4.5
tomatotommaso,-2.0185185185185186,5.0
crystopperpkmn,-2.0833333333333335,4.75
ryanmali,-2.314814814814815,5.0
jmils9,-2.3333333333333335,4.75
