trainer,burn_damage_taken,week
bman5422,-6.833333333333333,5.0
moof710,-4.722222222222222,5.0
6utter,-4.111111111111111,5.0
sonofringo,-3.185185185185185,5.0
mattchumaniac44,-2.9814814814814814,5.0
