trainer,damage_given,week
crystopperpkmn,98.8125,4.75
mattchumaniac44,98.27777777777777,5.0
joji27,95.0,4.5
kaiser cauto,92.25925925925925,5.0
thewillager,92.14814814814815,5.0
