trainer,damage_received,week
moof710,-117.0,5.0
thewillager,-98.88888888888889,5.0
6utter,-95.4074074074074,5.0
sonofringo,-94.61111111111111,5.0
notabot1234,-91.47916666666667,4.5
