trainer,damage_received,week
joji27,-60.1875,4.5
kaiser cauto,-61.72222222222222,5.0
crystopperpkmn,-67.60416666666667,4.75
mattchumaniac44,-69.01851851851852,5.0
bman5422,-80.53703703703704,5.0
