trainer,damage_healed,week
thewillager,39.2962962962963,5.0
moof710,37.111111111111114,5.0
sonofringo,36.31481481481482,5.0
mattchumaniac44,36.2037037037037,5.0
kaiser cauto,25.12962962962963,5.0
