trainer,life_orb_damage_taken,week
tomatotommaso,-5.7407407407407405,5.0
sonofringo,-4.888888888888889,5.0
gscalfaro7,-2.8703703703703702,5.0
bman5422,-2.7037037037037037,5.0
crystopperpkmn,-2.0,4.75
