trainer,poison_damage_taken,week
thewillager,-6.2407407407407405,5.0
ryanmali,-1.8333333333333333,5.0
sonofringo,-1.3333333333333333,5.0
moof710,-0.6666666666666666,5.0
bman5422,-0.6296296296296297,5.0
