trainer,recoil_damage_taken,week
6utter,-2.9814814814814814,5.0
crystopperpkmn,-1.4791666666666667,4.75
sonofringo,-0.9259259259259259,5.0
moof710,-0.9074074074074074,5.0
notabot1234,-0.14583333333333334,4.5
