trainer,spike_damage_taken,week
mattchumaniac44,-6.351851851851852,5.0
joji27,-3.7291666666666665,4.5
jmils9,-0.5833333333333334,4.75
moof710,-0.24074074074074073,5.0
thewillager,-0.2222222222222222,5.0
