trainer,stealth_rock_damage_taken,week
ryanmali,-14.092592592592593,5.0
joji27,-11.270833333333334,4.5
sonofringo,-9.981481481481481,5.0
6utter,-9.777777777777779,5.0
crystopperpkmn,-9.395833333333334,4.75
