trainer,stealth_rock_damage_taken,week
kaiser cauto,-1.6666666666666667,5.0
notabot1234,-1.7083333333333333,4.5
jmils9,-2.4791666666666665,4.75
bman5422,-3.9444444444444446,5.0
tomatotommaso,-4.0,5.0
