trainer,toxic_damage_taken,week
ryanmali,-9.62962962962963,5.0
moof710,-5.851851851851852,5.0
bman5422,-5.611111111111111,5.0
crystopperpkmn,-4.354166666666667,4.75
sonofringo,-3.259259259259259,5.0
