trainer,average_chat_len
crystopperpkmn,15.990825688073397
notabot1234,13.935622317596566
jmils9,12.987179487179487
